"sessionid","refunded","amount"
"00029153d12ae1c9abe59c17ff2e0895",FALSE,85
"008909bd27b680698322c750c400e4b1",FALSE,13
"0107acb41ef20db2289d261d4e34fd38",FALSE,16
"018544a2c48077d2cc3ce3278ab1e805",FALSE,39
"020c38173caff02033564200e0288aa9",FALSE,61
"029591145fad252b28d844d823097400",FALSE,13
"03190309cbcd7161a426abd4782bdcd2",FALSE,75
"03a13aa6921aed989b31d92dc73b391a",FALSE,129
"04215c1ad3aaff3ed175446d2ea3c0f2",FALSE,99
"049b8c570e6cc662b4a3d7e3c86e236f",FALSE,24
"051c04b3816292c5145c6fe53c025719",FALSE,78
"05984c54c92646a5a260665af73eff78",FALSE,110
"061eb0a074d548d5da5581e965fcf302",FALSE,57
"06a551ad447cbd2ccc4820f966cc070e",FALSE,104
"07273dd0571b92c3ee6817638418f839",FALSE,68
"07b4498a303789d2829445c725dae35a",FALSE,53
"0831e5131f68f7f4abe81fabc11fde20",FALSE,49
"08aa31845938e32abe551e2bea5979cb",FALSE,35
"092dff5b934f87c1176766e1cddd6327",FALSE,52
"09a6fe5ea4948f06c3565fb75e49c1e5",FALSE,44
"0a26b8f9f326633958ca8bf852ff0e57",FALSE,19
"0a9686f93f3a5dfa41c2f54614aa1fc3",FALSE,109
"0b18f984ee1145ae3f8f55712f84887f",FALSE,15
"0b8fb2585cbd33976511f41030dd75e3",FALSE,27
"0c0b32720690ca11441ad77c3c64af93",FALSE,60
"0c8909417baf3b7a3c6bd945ec42af8e",FALSE,119
"0d0e307e4ffe5531d2de1101f98992be",FALSE,26
"0d8de407709900f85e7f5a4c211adbd8",FALSE,116
"0e058f713db02ce2d7b21ae8af5d3cff",FALSE,130
"0e8990cedcf69b6f50e7e6a02a50cc58",FALSE,143
"0f0e13216262f4a201bec128044dd30f",TRUE,148
"0f92c979a6541ca6b7f292ae1dcf5ec8",FALSE,45
"10051a9515ec0069cfdf643f1320665d",FALSE,38
"10806032a7c4fbe1784d2f853ef85cc2",FALSE,124
"110375fbd8973253ed4a4b7a43837ba8",FALSE,3
"117d92228ced5642aca010a93bff4116",FALSE,31
"120672f9e76e495098e5dff24830d169",FALSE,75
"128d1323b0b17c25dc51f417f1faa313",TRUE,123
"130c694473330e7783259f905c2e6706",FALSE,32
"138aab288c363726990120413c62acee",FALSE,131
"141c3ffedc2e23e6cdfb31a456bed268",FALSE,118
"148d442971558088c915121f85c797b3",FALSE,120
"15095d473b147530b2ecbcad034fd518",FALSE,46
"15935d649bded84cb43d091832c646f7",FALSE,2
"1626d334029f1fd9e1aa2a4bb80d6425",FALSE,18
"16a766553d27e24a2ecb59dda7126dd8",FALSE,114
"17281d2322af38299b46f8ecbb3b56cc",FALSE,3
"17a7161db33bcd7a8904250c6277e957",TRUE,124
"182476e35a1a07ef4e8893dad5bddfd1",FALSE,104
"18b67afe27829441b0845c36bfbc30d1",FALSE,72
"19307038d9038d64a406840acdd54e23",FALSE,46
"19aef1dc071c2b3e9e7cc68e8f310996",FALSE,12
"1a24d0708b32892bc735d64fa20d9dfb",FALSE,21
"1aac0b3f5d118caa167983d8bf2c234e",FALSE,100
"1b31785397bc74c6ff59451d4f410b71",FALSE,19
"1bb6847833ec4263dc3a7470c0cf3206",FALSE,100
"1c3ef503ecadc5b8674be1540c609009",FALSE,72
"1cc968d13f0a4655b22c287f7b13debb",FALSE,17
"1d4c5efdd9d1039574051c55a39b21f7",FALSE,62
"1dc7b8d3a70a972cda120ec7ebb61012",FALSE,58
"1e492efd68b177927702d6ade06c849e",FALSE,55
"1ede38c6bf62e43dd7ecb9f2bd7417a8",FALSE,132
"1f5db80182aa4b2130f4096487a31481",FALSE,25
"1fe1ee669d193f1258bd72c701805f04",FALSE,143
"206c42ea72f6cc6dab4a283f8b063cfe",FALSE,122
"20e478a6733dfb1da09498466a158bc6",FALSE,67
"2177f35486cef18faf989ebb4d1f5042",FALSE,133
"21f2d862274de41b6d213293fdee24d2",FALSE,77
"22811ee19846217512507785e74d12cc",FALSE,105
"22f253652ad14f4171ad7385621db788",FALSE,57
"236dfd44264a7c9ade7de72eb9d4c789",FALSE,120
"2404d480bb9068047a2fb584b0c5a44c",FALSE,10
"24759597b99d21ef84e6c86c29e56aab",FALSE,92
"24fbb461686af2baddd769bd3e28620f",FALSE,13
"2580aff5ea35fe4b1b4b0dd66bb22c65",FALSE,75
"261594c911c886be3205204978d1387c",FALSE,109
"26ad170c68ecdd5c60a02aa15c6c6a6b",FALSE,121
"272f7c45ef92de836182ac23edca5ef3",TRUE,70
"27af3bde50054c550055a9ac677112bf",FALSE,3
"28334cbd7f1b9a596e746bbb660b2814",FALSE,97
"28bcb7c4e9de0a7af0e2074e00d38654",FALSE,67
"29408e40f29b755231e852fb76b71b4b",FALSE,109
"29b7a207e2af41eb990ffd864d4b2191",FALSE,82
"2a2d16a741cf3a7738ce320021a5e661",FALSE,145
"2abbff8aa3fdeb9d435e7713bdef1c3c",FALSE,50
"2b3aa41ec493d9908c56dcd665d08d22",FALSE,90
"2bbfe93a1c8318a0a2b5257ab704dcd8",FALSE,9
"2c4a5c8ae91636f617d5a2e1b08ef868",FALSE,41
"2cd019e887a1ef10c8c8b3ccd92f2f9b",FALSE,110
"2d5b53f80151aea5fef0722f8b1edf99",FALSE,106
"2ddfcd263a0d07cf5d9612d6efc390f9",TRUE,126
"2e64b43ae33b6a9c6718e03b11f7f24c",FALSE,46
"2ee7d77f228afb5b5f0058321ac96f25",FALSE,27
"2f67635b9ad49ee43353ad223f5affbd",FALSE,127
"2fefc978e8573441bb22120ecc62ac7d",FALSE,76
"30699e092fabcb864ff2b28ab84e420d",FALSE,135
"30ef818448b5c074dd3a25ecfa6ddd63",FALSE,27
"31684f760d836dee4d91cd5ae0a58c51",FALSE,64
"3200dca98ebe9021d31c8cd58b5d995e",FALSE,7
"328170a8c1c0460e8710bd970dd0ec4f",FALSE,67
"33061fc79d97d55ee2e6ff3ea82a6b0b",FALSE,44
"33932d50e450ef3ccfbcf69ac9ba04e5",FALSE,56
"3406405be9f66e3c7d155f698e59f579",FALSE,7
"34a1dde26ec36b6fa918c8af4b70133f",FALSE,63
"353c89ab06f398fb527725745a8ea6de",FALSE,7
"35b1120b266bba424223325f1e53efa4",FALSE,16
"3634eaec08ab387a5f1448c6212f7ad0",FALSE,147
"36b9505a89b2d00aec83ac90c0cb5d09",FALSE,89
"3741b1f2d6683c4241e972810b25d599",FALSE,77
"37ced1e3bdac814363580634df65b9d3",FALSE,87
"3848fdcafd0ecb75391f8b9c8b7599c3",FALSE,60
"38da564a24ac6d5fe2577c2e76a12125",FALSE,12
"3977b94d96968652d71f8de20673828d",FALSE,103
"39ecc5282d4511dca4c757113e1312d1",FALSE,57
"3a702c9c5fe6cb6679ed17ba53ef7ccf",FALSE,41
"3af3dc9f45cd8a850ca296dabe819940",FALSE,58
"3b75d9b7d13c20140696106af282eb28",FALSE,135
"3c053666271d0d4f874e31e15fbeb082",FALSE,50
"3c8beeb8b85cec20fbe194aed2e6474c",FALSE,133
"3d194d58a6470121c92f29c1ee4c936f",FALSE,0
"3d94d7a9d5b0826898e1203a05d83b84",FALSE,129
"3e0d0714047240704cb51e0eb3a0101c",FALSE,41
"3e910aad6196330bd8b00b6ebe883fc2",FALSE,148
"3f10afb448b1ec3006834191adff280e",FALSE,38
"3f89090dd2306ac1344a42748883edd4",FALSE,26
"400ce87de4588f316f7d3021630aedb2",FALSE,114
"40ad2703203b9cd0196979e93aac74a8",FALSE,25
"41354cf858d3348156a16e0138f7071a",FALSE,74
"419e123873b2b5e3e568c9624a49d153",FALSE,52
"420d63b1713a2c1db0040ef9b5f5e3ac",FALSE,149
"4293b9e4727211e389e1ec432b533e2c",FALSE,90
"43115b06ae231dbfd30364280967ff38",FALSE,115
"4396bb279cab5e7ef29ead3a46cf3649",FALSE,96
"4428d361dbb6f73f849bf17d85c0aee7",FALSE,25
"44b8b1b5c2c259df31d9d9b0f53be68b",FALSE,97
"45321a240deb282c26dcfdc691b03223",FALSE,88
"45bb6f7fd156d0f5ed675304cf8a978a",FALSE,49
"46537d0ae899cfae938d045a4bb90d07",FALSE,9
"46d9834fa62209a6504b2aabe46d7bfb",FALSE,141
"47570c0e20eec98528284fe7c80c5f13",FALSE,67
"47da00bdd38a0f2a32f08eeb620070c3",FALSE,22
"485c9dd9f966911391e65c4f24f46abe",FALSE,83
"48e7000c9e590e581b8dbcc464637d3f",FALSE,3
"497973d699897abf7310eb4bb9b92383",FALSE,34
"4a086d3cca4e5a12f0483945d526f2bb",FALSE,10
"4a949dbdbf7f541376465f0794bf1c47",FALSE,53
"4b1e14f32e85dc7b48a2ef9bb1cac0a4",FALSE,77
"4b98e90ba839623e88d5b3d6dce56562",FALSE,82
"4c1e5273a1c89f2fe9524ee680b9a929",FALSE,92
"4c9c3070235a7af934be4e46215c0cbc",FALSE,34
"4d1f8cf92b6d907e7a4c95dfeaf8ef0c",FALSE,77
"4da401c44d254a8be68360e38316a3ee",FALSE,116
"4e2598d3fa41ae72d1927b81328dbd51",FALSE,59
"4ea4cbd8d7fb64c1c6f6922c6d4b960f",FALSE,61
"4f1beaf39805550dd06b5cac412cd19b",FALSE,106
"4f9fcbf18f62c9f0be2a96dfe3708bc4",FALSE,47
"50285433069b9faf53c900cd2642fa9d",FALSE,84
"50aaa83c9c2d1d1f3ebc6c732c1abc8c",FALSE,0
"512dea4132628ddddccdd5b133c3c502",FALSE,35
"51b07f084b3422b2f4fba348d9c0fd68",FALSE,29
"5226ac4e0683ad4f37000ec897761687",FALSE,60
"52b243733f53d6184e349f187c32c961",FALSE,93
"532ff98823e7d1433dce6d842c90f46d",FALSE,73
"53b6c45e76b70cfd19974fcf77c3592a",FALSE,37
"543b043525784c58799be2de03e9dd26",FALSE,28
"54bff62713e574c1097f56646402832a",FALSE,74
"55506501e2db1da60be34bb27bafa4e7",FALSE,36
"55efd3f39108ee34c7e50392eaef1a55",FALSE,62
"56753cb5591dcacaf6a4ced19e611f21",FALSE,5
"56ffce673e1b00dfae4d8849341676af",FALSE,121
"5772331ac08adcd29b871b8aac1a2b3b",FALSE,136
"57fcde0e1e570f34863aa8c7b9d9f5d7",FALSE,115
"5881fccfa15a85aaf86e7a196f12f5ad",FALSE,72
"58f170c366f582dba770b94119f6099a",FALSE,8
"597dd91e6b177f393877f173f231593f",FALSE,107
"59ec5b2bb17ded8902bb5cb4cd424933",TRUE,76
"5a825a0f4f94c65b6b897950234db31f",FALSE,131
"5b0bf89bbf93be44a76fd60714e55ef1",FALSE,88
"5b8f5542ec59c7c1476b232e7f1101ab",FALSE,17
"5c1d549e2e7504490d7680424ef15756",FALSE,137
"5c9502f388b4863509ed72dc251219a2",FALSE,132
"5d188b044333b4c62676e0d4f53dade7",FALSE,110
"5d8c6ee0d8964e66a3225458f981522d",FALSE,124
"5e16161c4eac3ccab84a2076aa5d44e0",FALSE,2
"5e94fac6e972b0c182a1692872bc1281",FALSE,110
"5f0f52c0bdb94435e26c6b504e7513ea",FALSE,14
"5f8474ba1338baaec8ba50d6e383d515",FALSE,29
"5ffeb4b17ffb5626bc964f2c8b4f9cf3",FALSE,74
"607d88a0fffefcb85bb29d435e28275a",FALSE,140
"60f2af4652da10f8a4918a64350c92ba",FALSE,134
"61751849c3c200015af75fb612fd7f51",FALSE,117
"61f904fcab3a88ffe4d319eea75f0a7b",TRUE,5
"62781274c42619851e9eddb19e2c8441",FALSE,86
"62f72f60b5d8f2daa4be4172957c458c",FALSE,87
"638890d3000ba3ed61234c4d398983e6",FALSE,72
"6415f2fbb8585c77277f4c4a62fb9bf0",FALSE,30
"64935d90ff4a83de95402e66d0c53d9b",FALSE,80
"651f76e4e5691207b9b2af1f51a780aa",FALSE,138
"6591d327f6f731e589b0e869adadf940",FALSE,69
"661aa1a736361fc7fc9a283e4a9fe9ef",FALSE,75
"66ad4d795e99fb554db14f094b47de9c",FALSE,24
"67291d7fc6fc86a410e31b307bc01249",FALSE,55
"67b291530eb3c8b5bcbbe0d931a59a87",FALSE,111
"68458b6d7dfe710391650ed714c9730c",FALSE,33
"68cab6074ff02c00379c6636e727082c",FALSE,27
"694eabca410cc15c81fab9dc514a629e",FALSE,71
"69db61ce36a56178711fec066e07aeb6",FALSE,43
"6a57122a72d2bd5e8a156c678952f88b",FALSE,33
"6adcc87f999833f80d8566c87ae0667d",FALSE,3
"6b603231dea237cc9b6c447d988cd6f2",FALSE,85
"6bec22d989fd9944a46e42ea11bebee1",FALSE,119
"6c7e60741aa47f9dcc2859a37574b220",FALSE,118
"6d0e429939616de483e17684eb370850",FALSE,110
"6d98432ce6e2c14f9d36e4d3d4080051",FALSE,139
"6e0b4ddb9f9bea023d5e1074b1d1ca82",FALSE,106
"6e91d06a7bd6b43a1bdd70dd9068bdc7",FALSE,18
"6f2740b60c7473a5961e3420dbe810fa",FALSE,28
"6fb4778acfb7038ade380b916abb3ada",FALSE,41
"702fb566f6e5b25dd90ed7a2c709d13c",TRUE,1
"70b8bfde335c0230bc02e02af32e95e2",FALSE,35
"7143b3c23169789d1d83178002a9b07f",FALSE,41
"71d9bee1559a7c4a057f6990a79c3716",FALSE,46
"72646075926e45adf5c64c3d0e908a7b",FALSE,130
"72e112c59ab88eb820ca996243a30436",FALSE,29
"7365377559f4c689d7bdb27edceba440",FALSE,35
"73dc53433a54020eaa8d00188bd80abb",FALSE,73
"74627b65e6e6a4c21e06809b8e02114a",FALSE,37
"74e1ed8b55ea44fd7dbb685c412568a4",FALSE,2
"7561ab505313d71c94be555eb8ca42b8",FALSE,65
"75e913d400755a0d2782fc65e2035e97",FALSE,62
"7666c7b80e32857c03d0f271b9a2f1bd",FALSE,140
"76e9a17937b75b73a8a430acf210feaf",FALSE,105
"777719656ae8de123599ad6f11e872dc",FALSE,13
"77f0d244e6f91a4ccccb39b4742943da",FALSE,70
"78806618a5735e1050d508ba2eb37294",FALSE,107
"78fa1b4c07f8922f9f348794f59e0db3",FALSE,25
"797d57d4e33a399c9330c5f85efe523b",FALSE,123
"7a02615a7c56ef8ec382ff2fa43abe15",FALSE,76
"7a7e54e8f87c61eac15e1a66bed7551c",FALSE,84
"7b140ad0307eb21f6bd87f94ab418ad6",FALSE,10
"7b99efbc101a6013d2c710028bca5cbf",FALSE,16
"7c21d63129b28ce70725c2b76b3301d9",TRUE,133
"7ca661b506ca99920dd077fc04c19715",FALSE,25
"7d1dff07b1d3fe8174a43588f9528ea4",FALSE,118
"7d98be1c09b996520b55639dbb338345",FALSE,135
"7e1e22a62ee38a4a0fb3e0daf5be492e",FALSE,7
"7eb0e9aab7876f4b801e76da5084759b",FALSE,6
"7f454b59ac8211c9a9be3dd0fae52948",FALSE,6
"7fbfc161a3b873bf2119c788ed93d1f4",FALSE,0
"8038576115c34ad33e37be0d292fdd44",FALSE,54
"80c63970f0615704fa92c467d7b984a1",FALSE,17
"814f060c2f34856eda9147e567632a21",FALSE,145
"81dd12121d041b1cff1d0792266b2ce6",FALSE,2
"82651be272ef370e55a122a3c009a84b",FALSE,17
"82e3a8ee1c483419cf38a40bab6306bc",FALSE,88
"836a0dcbf5d22652569dc3a708274c16",TRUE,80
"83e88c8cf43da6b0cbee28201fdd2f23",FALSE,144
"84659ce486a65af61d72685cdd4f973d",FALSE,117
"84e8d0244d62705d2aadfd26f48a9a39",FALSE,54
"856b1cacaea25f6ebbf01b0003030a0b",FALSE,104
"85e58e1fb1cff34ce08cd7a39292bd6f",FALSE,125
"86636b6605b2bcb9a738d0e9bbce3c43",FALSE,131
"86ee781072256cc909e4d0ec7cdcf8d8",FALSE,51
"8772251049924ea0c181827c39a2e1b5",FALSE,102
"87f9384a67677cc459f9f880407bef23",FALSE,99
"88757d44d1e0a2bf33e366fe78461e31",FALSE,13
"89146fe19c2c2381bf5e65a881ec218f",FALSE,74
"89a079f18a0b8ac9873cc24bfd1573b9",FALSE,32
"8a18ea4697e614ba390177f44b78acce",FALSE,139
"8aa0f4c8e29a5084471353b2b92ce5c2",FALSE,94
"8b22318dc077c85f4962118b446f49e4",FALSE,64
"8ba5b062ce9034d54bf002239fd13745",FALSE,102
"8c2c1e2ea5b4ccff838b046b41821900",FALSE,65
"8cadf8fb9018031f9e39e61a864eccf3",FALSE,113
"8d37be25170778cefa6d23801922dc97",FALSE,115
"8dc3c265ec144154a766774669fa35b8",FALSE,62
"8e45a76b01e10a6a710858234986963e",FALSE,122
"8ec5b0349f854db2ef01107469dc85e6",FALSE,3
"8f4837520bd09791344837a4478d526e",FALSE,118
"8fcbbfa30f0dd6586eae1ad000385394",FALSE,118
"905fb31e485e7f2fad5cba1f425d72e6",FALSE,55
"90dd303abffdd2a14f11d4819e795dc9",FALSE,114
"9167d9ab4a2c643f0c8970c23b25ce28",FALSE,137
"91e953e1309b38a7ce01e4a62fb42d08",FALSE,92
"926dc2d550fbfd653c7a05d505e2aecf",FALSE,7
"92eacf53f4fac3152a85463988ab1490",FALSE,118
"9370a31d0ae3e3b0d62354d7ee1040a2",FALSE,16
"93efb0d7330fe8a2e84c6b1736c8620b",FALSE,13
"946aa0c612952da8d67dd338a43d5929",FALSE,82
"94f192dee566b018e0acf31e1f99a2d9",FALSE,47
"956f9d4b926a8af07bf32de21edd8eee",FALSE,49
"95edca92b1e846073efb942471663749",FALSE,55
"9680f14b777a0ca294e91ba1cc548042",FALSE,136
"9707fe6c04d0d1a0e611ad54ec908ceb",FALSE,94
"978f30ebe0d9a24bd763ba6201b2f7ba",FALSE,62
"98122c132cce0a2836f1f99cd8c5812f",FALSE,64
"98908fce27744e259d6b7d7bb87de294",FALSE,30
"991769f4288cfe51505234cb7fc2c255",FALSE,144
"99927ed3f11c0f361bd4c0c7d61d246f",FALSE,32
"9a190b2d3a7c7fae28cef4c7bf821b12",FALSE,113
"9a9fdbd56eb7c442646ab01c6bb3a70f",FALSE,5
"9b1d3eeb3de7595015471685a340615f",FALSE,98
"9ba2c76cf4e1f1ce6701481c13964f20",FALSE,123
"9c233a30ed64fe4dcdaaef3d9c5855bb",FALSE,21
"9ca23f6f5db0679c61be4b1818cb6a26",FALSE,8
"9d1d7b82dda169e8873847aa7c42a7d4",FALSE,79
"9d9d10dca59a6c6fee1dcefe6d064a1a",FALSE,15
"9e1cd510cbea8715a610ef5bd4ee96a1",FALSE,88
"9eb182a2d7a51ba6f14f5cce7b36a76e",FALSE,96
"9f36cd14c6a9b227707682b12bcd6264",FALSE,148
"9fac6b3ef53d98ee0816dba1eea78829",TRUE,149
"a025431491496ccc81e48f18ec917059",FALSE,144
"a0b286be4319741767e21c8c2216fa77",FALSE,74
"a1339ad4448ae6dc670698de84ff2b66",FALSE,66
"a1ad4f90e37fb70e48cc8a9f41e6d850",FALSE,41
"a22d9204f4af59e9d8f1dbb2aca4b150",FALSE,22
"a2b62b67f7a8c6c0bde66ad63b156ed4",FALSE,116
"a34f7a182e69d69fdfdb65c44b99ca64",FALSE,133
"a3dd176fb68ba78b8297421f5a093f24",FALSE,103
"a457eefe5cd9bb9975043b8af2db3e6a",FALSE,94
"a4e3f7679225d601701e435b25946a9d",FALSE,5
"a569398d13eb87b14276380d2921ddbc",TRUE,127
"a5f790c5556f44cd14606117f0430161",FALSE,97
"a673b3cb54c0924a8ba7b141f432f7f3",TRUE,129
"a6eea5aa95cc31102ab50d87b12ccde0",FALSE,14
"a76d17856fa028a3edcc0af51f345410",FALSE,1
"a7e733bee166c266ef4a52e0b5c46391",FALSE,1
"a874cfb0e01e3bfd6da13bb3d513c3f7",FALSE,119
"a904b31d0701f89a5c03b4b4eb31b1bb",FALSE,82
"a99803171f1f7d8ef068f70b21071d21",FALSE,21
"aa3033f10280fc120dbec5f3877dbcfa",TRUE,74
"aaa6e15348de10bb505dc2c65ae701c1",FALSE,70
"ab2376b87c861284c1022c539ca9b001",FALSE,100
"aba5f32ff88dba3c5522c176deb5ae92",FALSE,42
"ac1c5565b796d53bcf81a746298dd393",FALSE,124
"aca3eab528ac05b124ab0c7b11a3025a",FALSE,82
"ad16fe8f92f051afbf656271afd7872d",TRUE,114
"ada7959da9f0916c009f7d1262dde091",FALSE,38
"ae376bd6cf2b0081bffe4571b10744c7",FALSE,98
"aeb1b2a4f6f737118a466cf23fb01716",FALSE,21
"af4001ce8ed3788395e64bae59f6d49b",TRUE,51
"afc2637129ad904485e07d2c0e6b0688",FALSE,127
"b0513535543a50eb3038a8e06541be1d",FALSE,122
"b0cbd1803daba2f4be6919b9f773f921",FALSE,44
"b146ded37e4d5e29224d7d0f33a0dc5e",FALSE,90
"b1bb43280a4d0d86f2d53818b9e8afc8",TRUE,61
"b24e8379f02a337976cc22e17ade2786",FALSE,85
"b2e0c792ad68362d6dd72f0dc9a7be61",FALSE,14
"b353d984bb7fcc173edea010bd999b98",FALSE,19
"b3d9569953edbc479d2a7bf62a2d817b",FALSE,91
"b455811c5591ba61aab5e614c9836f17",TRUE,105
"b4d91786f1ccc4f6e8ba7acab6cf9cb6",FALSE,30
"b55812911f2a27b05425d0692f19a039",FALSE,114
"b5d4adb2328af2ef23f9db2582ab3578",FALSE,89
"b65381bdb2d648a4fdd2a107028b81d8",FALSE,121
"b6d843017e027d53ecc82b87b8feb3ca",FALSE,25
"b76b77c135a7681fbf53bceafbbc3d4d",FALSE,15
"b7ead1d09ab4349af3d7158e3da29564",FALSE,130
"b868a75cbe1372040841ba8235b4f070",FALSE,16
"b8e69aa0fed278e996b3cfd79ae2aa4c",FALSE,3
"b9667f3945f66c015eb2a06d3e3c1de5",FALSE,10
"b9ea004175174b1db18270d463c3455c",FALSE,74
"ba6ad2c243888d04f2550ccfefc4598a",FALSE,69
"baf29ae762c297c344e58ef23c982a9f",FALSE,130
"bb78a710e7d0494db915c83459de0c42",FALSE,60
"bbed27360595942048c1aaca970c6607",FALSE,90
"bc6f2eace60458e09050dd0dc2e28e17",FALSE,96
"bcf6ed50b4792bded49a5b2a667fa9b5",FALSE,77
"bd8b018945a0b4de22406b60a8f8e369",FALSE,26
"be120ecdf2621dac514e1197276e0f5a",TRUE,29
"be96988eb6e4be406f8da6411adea8b0",FALSE,139
"bf1afd938852be319edfaaecd4cc4407",FALSE,58
"bfaa543c0bd80ed5e567ea123e913430",FALSE,98
"c032272e20e8222350cd74afa10210ef",FALSE,116
"c0c3a9fb8385d8e03a46adadde9af3bf",FALSE,85
"c143e6e4130d92cee80611cea22fa185",FALSE,26
"c1c6b80b283cf653242b2545211477e1",FALSE,147
"c2446b09db950fd47fa31442189d8bf5",FALSE,41
"c2c701fe341a7756ca7fd4eaa83ff63f",FALSE,102
"c343a47e067433b30af412ef231a5fba",FALSE,15
"c3df9051227efe58d6562d25e6a13dc8",FALSE,87
"c469b49eb9e4009bd91fa7f5f13c91b2",FALSE,46
"c4f2c88e16a579900657c18726641c81",FALSE,103
"c57615eba2e73eb0fff06354eadcf18f",FALSE,94
"c5f04fc33a40a4baeb43745166bcd596",FALSE,55
"c669ac8af779712a937d11cd9561ece8",FALSE,110
"c700210cfc5df8b6945ef634ce4a32cc",FALSE,51
"c775a10d380647a240d7a398a922956a",FALSE,7
"c807954aad2ba3297050606ede709ec6",FALSE,147
"c891b154d934bc8a41bb5fb5cc74ce42",TRUE,12
"c9189afc15496c5852ed9ad80f328e6c",FALSE,128
"c9a985119176bbb5e11e26c01b34fac2",FALSE,43
"ca2d05e1c5b3d2b271fb96cf2e7f4cda",FALSE,108
"cab11b20f17e0558b9653e0347b18294",FALSE,39
"cb2363f42ebd481f5b01d11a3c574536",FALSE,116
"cbb35954885076becb80ddc715b63713",FALSE,127
"cc4312e64f7f87d3f310d3fc1cd94fc6",FALSE,134
"cccc450c911658ddbbb3c1cae93603e0",FALSE,92
"cd49f7f7616e5661b97901dc688b4385",TRUE,97
"cdca41db5ada4bf3e8e608a495066165",FALSE,107
"ce5193a069bea027a60e06c57a106eb6",FALSE,111
"ced2ca0a442d1bb0b51ee73793c833e4",TRUE,53
"cf71e6c7399eafbcdc329202e5ce54f4",FALSE,75
"cff815dabb3555cf1df47388baa32b84",TRUE,95
"d07a97171065ecb1cd41f298c0453aab",FALSE,27
"d0f993ffa1de9163ba93ef6e425faf4f",FALSE,113
"d187f551ea968ff4ba30a4935bd08198",FALSE,111
"d207678f6407819552de1a052f26a501",FALSE,29
"d288a67e5fe3b80c0ccb9531e87d437a",FALSE,0
"d3133ddbfae5a9c8b73582a76e5400dd",TRUE,120
"d392a7afe9d8d59134be5e2cd5c05836",FALSE,11
"d422c1ccef74ba6c42a5011c76b5f769",FALSE,64
"d4ac7f481d76802a91ef538610afad62",FALSE,34
"d53078261f27982d80c780d7a251f6f1",FALSE,7
"d5af138a00b98bcaed163b7d78e28c0e",TRUE,58
"d62bd5e1be9a157e45aed37bd98743c2",FALSE,8
"d6b4ad894ae5ab42a7290353e2143a0a",FALSE,128
"d7260db1e48d63995af17ebc0390a5a3",FALSE,148
"d7b041aad03fa9f407de3be8056b357c",FALSE,128
"d83de59e10227072a9c034ce10029c39",FALSE,74
"d8c33083ef391fb58934b7745d71e8ad",FALSE,19
"d9511037d3a058e1fc0b56e0d86f8ffe",FALSE,21
"d9e111263d25f48c0dfee85db84cb33f",FALSE,89
"da5470b9e6792dbdc7ee450891b2945f",FALSE,32
"dacd97650582d1486c081adc286d8ea7",FALSE,9
"db4b852fceaa5260e33e1cfcfe37fbb9",FALSE,87
"dbc4b0d0489efae496f9fdbef111ab0e",FALSE,103
"dc4781e4d7949791a2c973340de4a010",FALSE,28
"dcca3fb7d92465f056f7ab9b5d28f5b8",FALSE,137
"dd4850c37ab93695eee67508960bde39",FALSE,122
"ddcd0c0f094cd80726fd6d6567a1a01b",FALSE,65
"de4b06883dcb2b198b5bb5ba7961a95b",FALSE,59
"dec7cef08936713b8ef6dd77449d67ec",FALSE,113
"df4906bb3352bd0641048d8e94237ac4",FALSE,2
"dfc95d616451863a4fe614534e08261c",FALSE,0
"e04a1d5dcff238da056269c7f6d8fefc",FALSE,109
"e0c786889cbc4230ac00d98fbcdff258",FALSE,55
"e14c38bd11cd714b970735ade2f233fa",FALSE,19
"e1dd47cc816ac88ccd8100451384c97a",FALSE,6
"e26042b30aef850d108a5014d1f3fe6c",FALSE,96
"e2de99cef855ffbccde38b87bf404ebe",FALSE,23
"e355bbfb0c6c8189a15c433d9e5e0214",FALSE,56
"e3d3df46b70f76b21404bf38e34f3802",FALSE,118
"e45b914cd0faa2a33b25b7c9aaa7316c",FALSE,76
"e4e443c66e6d298a308fc14c76339de7",FALSE,116
"e56ad597b356b3ab163a9a6f11ea7716",FALSE,17
"e5e6f613e0f47002b64008d6c502fe54",FALSE,112
"e657722b5cb4436e98eeaf60b4e6267a",FALSE,74
"e6d4a224fffaac8f0e5eab5ee2710742",FALSE,88
"e756ff7de6bae9c1cd697c526f01d643",FALSE,14
"e7cc4e909f739405272e79cfa00367f3",TRUE,6
"e848ee17d7ebb1d2b638fbb55346e950",FALSE,48
"e8d3c37a2754d2cebeb7aea5eabec6aa",FALSE,45
"e95bc65f7b7b6bc402cdb28bb05ff69c",FALSE,91
"e9e5eed4838d19844cc00a72f39253b0",FALSE,135
"ea71556cadbce22326aa0a482b1f0280",FALSE,62
"eaebf0b618a31bc735037646eacf7867",FALSE,41
"eb76370dc310e4cf08aa362593c451a1",FALSE,2
"ebe4bab9796d8591e73101a9b2cf6296",FALSE,9
"ec6bdf60f00a9cbbdaccaf9c99f92e41",FALSE,14
"ecf5c73c84137bb3f0331fb346c23477",FALSE,56
"ed6e6a016ad5ed80cb9d227067cc6b87",FALSE,100
"edfaf58efe051c4257f9a7d5ee4634af",FALSE,123
"ee8019dcda2e9cd7f4377fbd07b08122",FALSE,143
"eef490f6eab3a53f5b27faba349c4448",FALSE,63
"ef7b228b3dfc4e01f67d467eac74e441",FALSE,42
"effa3b908aaa9f8744b980829a6bfd15",FALSE,30
"f0769524c9e65f00158f6a0c48251849",FALSE,84
"f0e9f5d22d156441951e5197a3054d93",FALSE,85
"f17a33840b3e520949d36b24ebad7fb0",FALSE,15
"f1f110f8c26ef054980368da6c19652e",FALSE,61
"f26d58cbb33fbdfa3dc124b75cfaecfa",FALSE,12
"f2edaa0602de5995ee08d2e9124b1e9d",FALSE,14
"f3678d7c62c8fb66cf6b7946dc16a20e",FALSE,91
"f3f798dc6b150abe265d77c3e46538a9",FALSE,74
"f47b08b59539eee9ad8298cd333d10c3",FALSE,70
"f4f845d6fdeca6547c012e2b85347ae5",FALSE,87
"f58a2c290b505dda90a4744548b05d50",FALSE,81
"f60f472142710c6ee88c70a62e1f8ef2",FALSE,145
"f699db7d43af85ec7ffa1dec06d16c55",FALSE,48
"f72a850f3c3cf816872370e6a6e583c2",FALSE,53
"f79d21a411362c99d269fe29ab4b8d10",FALSE,57
"f812291e86e5d515984dc44cf9d41ac3",FALSE,109
"f88c38d9ce16d575ff23353bde81df3b",FALSE,99
"f90399d380904e64e59ceb60ce084cf4",FALSE,105
"f9917af72cf8be350651765c3dfa8a83",FALSE,106
"f9fbc5d57f170e340399c3e381947d1d",FALSE,92
"fa9462ba01ad26f19535be3c4c462a5e",FALSE,2
"fb1d776101435e60931cb6c3904d1872",FALSE,33
"fb9fcbbdf53a951ad3d7a6dda5ea0f6a",FALSE,11
"fc19a875132c3b030205f42c4913a17b",FALSE,56
"fc8956a9c5bb091ed488e75e3df5ae4f",FALSE,111
"fd1c0a16b6b63a23af7be6c7d25c9aa6",FALSE,50
"fdb2c3bab9d0701c4a050a4d8d782c7f",FALSE,26
"fe3588b3087a8ba128689f3506c1cd2b",FALSE,135
"feb650e96187584d5d04c459c74a6dd2",FALSE,60
"ff2ffdc47aef555a0d07796f282b8659",FALSE,130
"ffab024cbdca06cdadd0bb225f07e26f",FALSE,86
"004152a48f6de777a672457f3619da9d",FALSE,149
"00c37b7a1f13daf967813da9b68937f3",FALSE,138
"014a5f8619d8704745b8505140f2a1a7",FALSE,80
"01c2bff254aa9799912374128532e5b3",FALSE,142
"024da127a13f0f5fd374ee98bd052ce7",FALSE,54
"02d9ece9b8124af667964175280109d3",FALSE,7
"0361f1baaa8ed070dfe62ae2245bcbed",FALSE,96
"03e0d5f0c8b9b7b78532779f6ca94209",FALSE,122
"045a55c409fd464e10585c925532138b",FALSE,80
"04dc6557c76932830029fa4348db8690",FALSE,133
"0557b9cfeb8f41bf4c08aa381b63ffcb",FALSE,126
"05d74c48b5b30514d8e9bd60320fc8f6",FALSE,135
"06640b22b8ac2101214076ecf57c961b",FALSE,4
"06e1cf17c5bec6d0344a0efc24ac792d",FALSE,127
"0771460e61ea227ea07ce7dc895f17c6",FALSE,65
"07f39c7a8ed35cf0a867db25788f30c1",FALSE,130
"0873eb83b60c886393773450dda98b3a",TRUE,37
"08edcfb7baf66d3c239b16a84a595dab",FALSE,145
"097146a006f98658f22a67efebaec73c",FALSE,49
"09e5e3e94f1a12843eb46581b1e8a881",FALSE,14
"0a5f43331a2d89b436ea8ca3f1aca2e0",FALSE,42
"0adb29a8a99e361a9a2d64e11cacb1e5",FALSE,127
"0b5ab8241aa5d6281762b2d05fe1a135",FALSE,49
"0bc8b535b9f0fcd4efa451e4728f78ac",FALSE,124
"0c48d6d0f656b10e4c01ad9f83cbc1e9",FALSE,43
"0cc7249c8a95bd7a2a05d3673c5a2b38",FALSE,122
"0d4fb35df0d0cd69921750701398348b",FALSE,116
"0dca022617c7379c73fc91bf42642da8",FALSE,44
"0e440526c04e6cb518a4f20462c49a95",FALSE,14
"0ecd49889c08e296b6927c76ccd26388",FALSE,121
"0f5343b156d8252e4b379aa3f13fda81",FALSE,64
"0fd20919f8a63e512a5e2d9d7d47b18e",FALSE,26
"1042ee016ad60422f90a4a82ddd9fa40",FALSE,23
"10bcc96a2b934c13e470226ea3689673",FALSE,59
"114cdac531f509e3ab04a2caade973bb",FALSE,103
"11bee7cab0be2a74e920eaca91e9344b",FALSE,15
"12524d9b3d14f17d77162784fabdad5b",FALSE,135
"12c6469a0e2e833f38c8a78030a58149",FALSE,108
"134b1fb87ca99c19572342d3a02a425f",FALSE,80
"13d7df3c17502af69aafccc758195f96",FALSE,19
"14535fa9fa31185978444ea097423fe6",FALSE,16
"14ccfbceeb13ce08682d7945a99de48c",FALSE,77
"154f596a0e4aec4cf23ee4b76ae3d34a",FALSE,108
"15d282c5d2c164518f6f3013503b6a58",TRUE,40
"166d02878543ad020b270ceffeb3fe90",FALSE,137
"16e8bca67b4df1dc99055f27569eb72b",FALSE,40
"176bf6219855a6eb1f3a30903e34b6fb",FALSE,16
"17e622717d2b9152f246d76f841c4cc0",FALSE,80
"186b6db9fa62b94adf2ac5227f6ee5e4",FALSE,75
"18f67e0b989c0e2b840dfd31df1a4ad0",FALSE,51
"196f47aa4d2237535c1c559def28e60f",FALSE,36
"19e321d9f307ccfc1c37106191cbbc74",FALSE,30
"1a69e2bdf33aa15664ad3c3cfb4d9453",TRUE,94
"1aef1e834b4c31bd58191d7457cd5e64",FALSE,83
"1b751133c338dbcdea3f994535b45773",FALSE,75
"1bff39d1c198ac13abb74acc6fa3549a",FALSE,11
"1c80289707dba7161733a9a248855ce8",FALSE,85
"1d0acd02b685258b616c5f49711c081c",FALSE,69
"1d8c9f71eaa6923fc9d3cd5d10aea4ce",FALSE,63
"1e08d20a2959ca2b5bcf051267742dfc",FALSE,11
"1e8bf043951b80f6b89626ff8dd079d2",FALSE,2
"1f1c5a1fa15290cfdd69b3bef186f223",FALSE,83
"1fa4b1d28b57d3477b32c1bb9e44b0a8",FALSE,6
"202d02c7ae1a7627830a66a20afb5544",FALSE,59
"20ab3465d85c1a8a408d7d0897f12cc8",FALSE,23
"2131847b1d4cccf8c5e06f7bef69cf60",TRUE,130
"21be992eb8016e541a15953eee90760e",FALSE,58
"2234204dcec1a25356f2ffe8ca96d2d7",FALSE,9
"22b880633e6c3b3c7bccc56c59ff11b9",FALSE,134
"232af7c90ee5dba2eda9730add1eac38",FALSE,130
"23b766e49fad4b4f985175948e10e201",FALSE,60
"243cffae81569cca39840aec1e9e2852",FALSE,90
"24bdeefc4cf283b069e5156c19ef0402",FALSE,134
"253d7dda7cf808c506e48817f104ae16",FALSE,82
"25bdc6703ebbf72f67257cd959dce1a8",FALSE,145
"2657af901959536aaeb6aa36bdf8bca2",FALSE,31
"26ec59f975f3c0091b154025dc43a226",FALSE,5
"27726e7d839f02a6e8325293c1b447ac",FALSE,26
"27ed9794d1b3ac6795b4dd808af7db4b",FALSE,124
"287c07733f6693ef44048143aa83bc5f",FALSE,92
"28fda3e1d182e68d525267166df815af",FALSE,45
"297b51d372955449d68d0b67ffda8c80",FALSE,0
"29ee95b93fb0808302bdd375a72e2de5",FALSE,75
"2a7391fb632a4dac9422201bb041c043",FALSE,66
"2af1e9eaa807096a11b32ed26ecc2cbb",FALSE,57
"2b8501af7b64d1aaae7dd832805f0709",FALSE,148
"2c049ed612a8736fc1c2773e3752814c",FALSE,93
"2c8d05d4be27fb6e9a5d1f1d5657e6ee",FALSE,139
"2d1a8576a32b4278fdaa86ddd9341276",FALSE,48
"2da07aaf6d58d42809e0dd0119492b24",TRUE,44
"2e2992d94a06495495a1a0f62ecd9f58",FALSE,24
"2ea6241cf767c279cf1e80a790df1885",FALSE,23
"2f233bb83fcd9c49e2959f96f2463b64",FALSE,10
"2fb2c0b63768c3c73ef007ed0f753663",FALSE,17
"30284845b6c05be7f8e6eec7eedb68d3",FALSE,77
"30a84263220f9579774f71ee8438f1de",FALSE,35
"312b745a881380aa92b53c486a5b0c8f",FALSE,125
"31b291792c6140b04d1d5d5a8ae4bcb1",TRUE,16
"323fc524cd6fdc8736d5a9b44a2179af",FALSE,65
"32bd7b2df20c473acfc1cbefac104716",FALSE,5
"3348eb92c98456b4ef8930705f073148",FALSE,78
"33d06abacfaec40e2da0d9a46007c758",FALSE,65
"346363ba3be57a01198505be2391cc8b",FALSE,44
"34fb023daa26fe67bd8b12ed8375f7a0",FALSE,68
"3572592afde1474081d0c70c971279a0",FALSE,91
"35edba6d5151bf9073ab488a80938117",FALSE,45
"367afa16af963542400d7e21da891b75",FALSE,14
"3703fc052c3a55272bf5d7a2621c404e",FALSE,54
"3788a72dbdac59ce36f46baf71ff41ee",FALSE,51
"380befd954696a46be7169db230cd826",FALSE,53
"3890f5be1bd7f5f38f5581ac72a882b9",FALSE,41
"392ede8a57f26b1ddfccd8a0356577aa",TRUE,87
"39b826983ae7613bb2f7de5b290ece9d",FALSE,17
"3a2b9d30a87e976ee566589b34851b96",FALSE,68
"3ab5f0e8e885a2088bafa7046535a7cf",FALSE,37
"3b2d4d9a3197bf905c2a1a08d05e6b1b",FALSE,90
"3bc31a430954d8326605fc690ed22f4d",FALSE,43
"3c4bea371cbd6600f5676bfe05928e2c",FALSE,87
"3cd1c74a2b0ffb32176086457dcf543a",FALSE,14
"3d5331792ef47237cdd913a5a6d3f431",FALSE,147
"3dcc6b8b9f3ebb5e10e3cf029dbaf933",FALSE,136
"3e4ef4d04f27d1c1edd021066f169296",TRUE,143
"3ed31a66fd401cc33877756080765997",FALSE,1
"3f539bdda36176a09819508ab34dad29",FALSE,74
"3fcd8a68679d59ebe1b2939ff9556b6f",FALSE,10
"405a8532c0ad53d2c801346cf704f66c",FALSE,93
"40f550c59a645a48fe83bddd0111cd29",FALSE,46
"416bc7d1d13438fc545ee4d762ba2bc4",FALSE,79
"41d143057dfd3388a3fa18dd251f1942",FALSE,129
"424f80f539ef51ba34f6a52f83a5f0c3",FALSE,7
"42cbaece0f8e48e7b8c957679e2402c8",FALSE,23
"43520458e6b7fa7397d10f7e3bce3e29",FALSE,51
"43e3f815cf7fe4dc813ba16eef04e1da",FALSE,28
"4471baae231b0e23b4b8cadd00c11cb6",FALSE,80
"44f2e2502a583effcea0a0fa61203035",FALSE,44
"457abd70094d50a7d1dfde038f9e295c",FALSE,17
"4602b477ded0c16df6befcd8447cea0d",FALSE,125
"46994a3cd8d943d03b44b8fc9792d435",FALSE,62
"471987bb07f93f6d79abdb6369bd99ad",FALSE,62
"479eaa8e93a42b42d12992f086cfa14f",FALSE,138
"4819c66a4140cc4cc37c08a88ac188f8",FALSE,90
"48ac3f2c97f8d0a311a7b1ba0eb6cbf8",FALSE,66
"492ac8e3c1194431b6dae1cef7d95529",FALSE,1
"49b6ab5ccf0ef11a5f4502f0f70a8bab",FALSE,12
"4a50099e4b1e3d4376fa30b80a5d604f",FALSE,57
"4adc2d13b1a41b5e1652d957fc6f2082",FALSE,111
"4b5cb415d96e258cee61f4377e5bf3ee",FALSE,118
"4bdba31bf1311626d1bf722665c5af94",FALSE,74
"4c525a48acc0084b077750ac333c67c1",TRUE,75
"4cdd31af4e1036bd1d21858cbae5fbe5",FALSE,44
"4d5b32e2e9f40574f65f7c5c29607a9d",FALSE,3
"4de26a1c0a3616fc451da00c47be2aa0",FALSE,143
"4e6b97d11a53a281e346032ace785757",FALSE,113
"4ee0932f46276313b51570f46266a608",FALSE,121
"4f68d6a8a0309b36b9a6b44de9d2eb05",FALSE,65
"4fdeceef54c4e757fdbf8ea9132b22c9",FALSE,71
"50685788ee96a207ab8e1b536cd4e09d",FALSE,120
"50f5a0b224ddb1270e0f523c7efae216",FALSE,60
"517281d7cde8e51410d8cf76c82289a4",TRUE,58
"51e3b51ab288c58d66ddf6859d2dbc58",FALSE,24
"52660fd5af844425740f3a7bf5151008",FALSE,0
"52ed1f89cb6f846e8efba0e4eacf9c27",FALSE,83
"53763bcddb83f147196d1d54a91ccc24",FALSE,97
"53f5040ad7f51d37a525e86c91241235",FALSE,33
"54833cedbd67214cc9e532722ea7372b",FALSE,124
"550730a8ac07ca5a875783e526529bfb",FALSE,25
"55a4a4ddb4fcff6ab3871bfa15a98263",FALSE,124
"5637060409f95be8277eaf3b90d7e7ee",FALSE,4
"56b6fd630129266bd5edbbc4ccccb19b",FALSE,57
"573748cf0c5fc9964b24ad2ee2134b23",FALSE,103
"57b5280ca4f08841b71b86b4f5203cf0",FALSE,57
"5843342c9fde8a11880aa20b2c3899f1",FALSE,64
"58b5e1181aef482ae9d3f57afb3baa76",FALSE,103
"59404eb3724b7c849bb4debb821f30a2",FALSE,101
"59af62180b0d04edd54a5f5ace7fb433",FALSE,110
"5a390e1961ee89635c1d9e96f883bb3d",FALSE,104
"5ac249894a3192d1e3d494a91e13de76",FALSE,118
"5b4c3b7066609312f67dac444107c1a2",FALSE,39
"5bd88b4fa191fafb45d7f03b58ec69aa",FALSE,127
"5c542ac701558a065786bddcaed3735c",FALSE,107
"5ccf81e5d5beedf32ef8d7c3d7ac6c8c",FALSE,123
"5d50d22735a7469266aab23fd8aeb536",FALSE,60
"5dced750ba9b67016766e3bf355b556c",FALSE,69
"5e58d38f06897f1162c392b92ad75699",FALSE,67
"5ed9f910a5a0bb195a269bda9d82af81",FALSE,89
"5f4d4b4da67c9adec00590be5904256e",FALSE,115
"5fbdebbb4271248d3d24db597c7ce73d",FALSE,98
"6034948ded48a3e315f7b903347169ce",FALSE,111
"60bba73587de9c81e7eb9a508ef928b7",TRUE,44
"613690cd913c7e69998dd12df14a96fa",TRUE,119
"61addd34bb09769107139a281810b678",FALSE,77
"623073121ba44a854dde0a3b362e32f0",FALSE,130
"62be7e32239cc4630b56882d9e3f95b2",FALSE,67
"633d3e4465305c51928ead14a4c1ece9",FALSE,35
"63d37ad90673f036d66e310f2b5cc768",FALSE,12
"645d8981d8d3547c17119dda7d6c057a",FALSE,85
"64d532818f5a11ed28dfc6a1a7128060",FALSE,30
"65556ffd720276df70c1553bc19168f4",TRUE,9
"65cf25ef90de99d93fa96dc49d0d8b3c",FALSE,138
"665eaec789085e82f89b03c310430355",FALSE,58
"66eb81a2a1c2e634f6e2993408674fce",FALSE,75
"676e76856c7fea3bc6378d1e6deea2aa",FALSE,126
"67fabd9dad200fe4c419fcb14cb61c25",FALSE,122
"688c6d9c6c4daa6256affd4d8f4bf31a",FALSE,83
"69001cf1b897bf86c7fc9742707ced83",FALSE,125
"698fdbd6be2389f307fdf1a8080cc1ab",FALSE,103
"6a13382a520e0420014027350a0b3eb4",FALSE,84
"6a960b6483506b697836bd6a0a6a8e6a",FALSE,110
"6b22164c33a8cd4cd56da1c6bb1e0f5a",TRUE,85
"6ba1806f27c0e7b7518271beb1e171aa",FALSE,77
"6c333af826914e1383d32056b1abfbca",FALSE,129
"6cc7118c3acc00597fe73b15a24bcf1c",FALSE,62
"6d58e5dc8d64d738f8e39d3cc9477d11",FALSE,2
"6dcfbc1147b2e6c534ca8157680c21a1",FALSE,36
"6e4d9cf7b5bcb9d74772fd42206037ab",FALSE,108
"6edad03b830971e99c281faabdad68b1",FALSE,109
"6f737abf3f6bb5f84a1ad1dc0be05ab8",FALSE,115
"6fe89a87a819c7a367d7b3ec8f7141bd",FALSE,7
"707641e923f46cae8ce64afe757e1db7",FALSE,141
"70fd155348dd4d238acf0709b21d4910",FALSE,140
"718572810891feeb6e075caf65eecfce",FALSE,11
"721e049e9903c3a740c4902878c99923",FALSE,140
"729d1221683eaf66616b5a8b301522d1",FALSE,73
"73255d4ec6aae14ba38bce5c1341a4c0",FALSE,147
"73a0e305fdc6770f872182b5c79b7cba",FALSE,7
"741e56b732a1f9b7ab4c92bdcf27d73d",FALSE,27
"74a2c60721bce02aca87ec1f8794b981",FALSE,148
"751f879c2408105e969d31617d31fbf5",FALSE,114
"75a7e9d83024b7ce00fe9cd2aa0bd0c5",FALSE,20
"7624c43931e8ccf280b8fc7374e89412",FALSE,61
"76a77077b53444d655fff2a6c350d5ca",FALSE,71
"772fa75d5e279e69fc41766cfde8d9a2",FALSE,147
"77b830096c1888016b4d7a730bbe9731",FALSE,29
"7842736671a89f06dee2c7049c5b9a89",FALSE,42
"78bdfa83009fb79fce8a73303b724ee2",FALSE,33
"793ab67fc278f5db1df3235990934de2",FALSE,130
"79c0934e74070860c26c6a63515705e3",FALSE,143
"7a4052ec54cdf2586645806704ebdf9c",FALSE,44
"7ac8e3aed47d96120e35e8b2632ba363",FALSE,50
"7b590bba7fbf6630bb6ee84c564cc119",FALSE,2
"7be605f9ba7115a39aed9ee3a37cda87",FALSE,116
"7c6c82bb528ebd24198e2d387d207f80",FALSE,136
"7cdbd065970b910fec28b95d9ff39bb7",FALSE,40
"7d5aecfe8b106cd88ae2855cd8bd7604",FALSE,18
"7dd701e074e9850f9d6d1b52332b0dee",FALSE,7
"7e631293a86eb721e722395a86364fa5",FALSE,8
"7ef80e6cf2a97f82672a6f17cb6653f7",FALSE,95
"7f82f78445413dfb9452d9d67210287a",FALSE,76
"7ffdecec85e9794909f8b6105828c246",FALSE,78
"807add4c0a9bbdbb853212f458c63bf2",FALSE,143
"8109c2da2c2dc6f6347d4f58002bb387",FALSE,126
"8190657a37ea76e637acf3c5e17c4c79",FALSE,75
"821f89564225789968c5e32d3273ca5d",FALSE,72
"82a922110db042a84c53fbef146cdf4a",FALSE,75
"8321e047fb413f251abf34adf1e49a1b",FALSE,74
"83ad6d83694b6acb17e0a51adbd374bf",FALSE,35
"84282c74e61200832581921b88b2ab32",FALSE,92
"84a03aad0bc9d839a1c49343d453dd3d",FALSE,120
"852be1ce1d25bb877395346423eb292b",FALSE,78
"85afa8b72bd564fc6c84dde9f0393305",FALSE,60
"861c3ad6224d443664f925552d2255a1",TRUE,124
"86a77cb9aaf1fcae6e1b162cd73b6312",FALSE,97
"872f2df9f7cc5b538e83589d53f047cd",FALSE,85
"87b65f9d738ea59c2c51cb5d0e492087",FALSE,136
"88333efbd2e6a812a995d2bd57dd56a5",FALSE,75
"88c03b34bb3d00bab7dbe9fde05e020e",FALSE,138
"895df6a24c45297cb239065bcafa1fa4",FALSE,8
"89db6efaa2613d91fc745b3d50d2bf1a",FALSE,95
"8a5d67822c772017ee2e734f9387f00e",FALSE,130
"8adcbdcc53c6a9e4a177848a8e275dd2",FALSE,39
"8b5e72cc79a7693759eb98aa866accc6",FALSE,130
"8bef083527a48555eca065cdb5725da9",FALSE,94
"8c6dcba7c9f30a96d19ddd3daf97752a",FALSE,83
"8cfe33ccd68fbe1f84549301b43af9eb",FALSE,77
"8d79aa0234a8057cdafb1b0b6dea5e6e",FALSE,116
"8e09ecaeb8fc3c2f8f0b52fff9eec3ec",FALSE,73
"8e895696ef7c7fb3b388bf1cbe4b9966",FALSE,63
"8f09bb4a3056250384a32cb6de23ba0d",FALSE,107
"8f7faea42eccbf916a6cb394a5703f36",FALSE,126
"9012a1c75d959d58edd3a3fc1c0f5b75",FALSE,110
"90949b6cfd26574a426edea70f6f3485",FALSE,37
"911eead7b5a07dc2e40f71d7b9f230d9",FALSE,103
"91a545de76f144772b8a3a3cfcdb34a4",FALSE,80
"9232965e399095e0ef458a3325ba5382",FALSE,70
"92ae4a64aa9e157ff3b6296275c60202",FALSE,138
"9328494eae1f7b446aeca7ed0a14a520",FALSE,81
"93b15568bf62800c943b22da7d8ed13f",FALSE,46
"9426edcb04ba15a57df6d674f1c74db9",FALSE,81
"94ae76abfd4a0a692a11c54041f5c0b1",FALSE,30
"9528d8f77c898472c7849bfa8750e5e8",TRUE,83
"95acbab9a38f304b53af87bee190e58d",FALSE,113
"963804be09622f182e4dde9d9e0568fa",FALSE,20
"96c38e09e5fa02ecdbece66802b11814",FALSE,21
"9754f4e85b915d1ecb9de2911d9d80cb",FALSE,43
"97d6c074b974838257db17a02f8784c4",FALSE,110
"985046f79a84f4c3f0645f43fdfd1dde",FALSE,61
"98d18f067382e282b98734bf528b4178",FALSE,115
"995c2f85f88aa3d3839e3fa8c267b26f",FALSE,136
"99e17fbe90095024e6c982c85d43d150",FALSE,0
"9a5b67bf56e576c4d0de7d90d3171644",FALSE,88
"9ae0a504e3af13e2e6b3ff478a8f637b",FALSE,98
"9b5af8696030810f396c315b9577ffd0",FALSE,13
"9be7e31f057e3e5bd09f53572069095a",FALSE,38
"9c652755d0405ed9e0455803b3a8b824",FALSE,112
"9cdef155fb46f275b78d8c9eb523d7a0",FALSE,66
"9d57a1e06a731e1b2377de6781e881b1",FALSE,132
"9dded00a64e7b0707d8d9f3fb41b8146",FALSE,95
"9e64ee50a4dbd79796b63e6ff405a90b",FALSE,11
"9ef76737dc71b2cf44533b32fb344419",FALSE,64
"9f713a6a52c8af8d2122f551e8dca6f1",FALSE,79
"9fe5f22f40fa63795a7f70e81cb9ebb7",TRUE,10
"a067c9df96f1b8d6cdebde3516f0e570",FALSE,57
"a0f2c291f44a631ce0ebf71f7e02b3b9",FALSE,121
"a1704d0e0e4e27286e4cb1c6b3810215",FALSE,11
"a1ef8beb1db392b5bc6c0a4f029dbcd1",FALSE,7
"a2764160dfd3104be49d0b45cbb534ba",FALSE,32
"a30492b0bb25e23eceed799209ae7be8",TRUE,27
"a3958f37452db4cf3a068826d0dd8a5c",FALSE,32
"a41acbd3ffd616b5fd306761bb865d23",FALSE,97
"a4a12a4351c5ec128756357a02b96fb6",FALSE,115
"a526cf98a75561b0ac2cb66001e64468",FALSE,58
"a5aa7cda1f10ead0bbb342ca0516e993",TRUE,112
"a636f784ea91e180aac9e1b229d1a7a9",FALSE,144
"a6b83cd033881e4b7e0ade6add26a17b",FALSE,59
"a72e2cfc7a7acc4989f308f263f3ee12",FALSE,129
"a7a96e94447cb0a020e67c71d092f71d",FALSE,96
"a82aa592bcb18927be6f9a65db1f7c06",FALSE,34
"a8c01c8295f6913d5a3fbda102f1523e",FALSE,92
"a950ec01c097f117ca776b46d2edc43a",FALSE,139
"a9e1944b39bf72d5222e1e9585e6c08a",FALSE,71
"aa6a8423fe25c40bb4dcec8ccf33b0c1",FALSE,40
"aae4610b49333054c0f96160becc3b53",FALSE,106
"ab661b15e494eb0afffd940606881fc2",FALSE,129
"abe272a9955d66c440992e4ad255e383",FALSE,120
"ac5ee9774d1b144830f2e04cff8140b7",FALSE,19
"acdf0905e94f9293ba3bb21d991144aa",FALSE,59
"ad627bf5fd6966693e97a7349d85589c",FALSE,92
"adf2e0a8e2b1a07ccc72645ad04f52ff",FALSE,118
"ae72c578954b1606a16269f5ec147e17",FALSE,142
"aefa7025bcfe229ea24ac03fc9035a56",FALSE,21
"af8127a980a98471f696a5a395b9088d",FALSE,62
"b0114171a30638cfa7bbbd0e0a17c16b",FALSE,2
"b08d0817aad99cc2786b1485aacc3aa0",FALSE,64
"b10e210fcf2fe447a737438af5efffde",FALSE,30
"b179acf3e96254f86baa802c84257f1d",FALSE,119
"b205c3e6b3e8152ee983d1bcb7f7c2a3",FALSE,60
"b299057015d5f68307f39647b2574f0a",FALSE,86
"b313e67d23abe7a345e87fb9dbf4aa61",FALSE,42
"b3962f007f6d528b8ee484cfa98fa253",FALSE,101
"b41d773d96c92dc45260232ed8129134",FALSE,88
"b4994d8000b83caf4875f9cf28664194",FALSE,61
"b51ecba56e03d4181e0006ff1e8a5355",TRUE,78
"b5919143803fc8f4824434807380c1e3",FALSE,83
"b612c1b5c00d1db3487d832c968ce9a0",FALSE,51
"b69f0672e838bd6dfb34f91ab824e304",FALSE,132
"b71ecc3677e6825a62dbda1fe8ca0ca5",FALSE,32
"b7aaa86c38d234cc610036399a71f08a",FALSE,147
"b82cb0dd23dd23b2412b2f2604f2a9cf",FALSE,95
"b8a8fe8d922482fd4dfedf226811c995",FALSE,46
"b92894e4589f652dc3116cb3a8c48c08",FALSE,52
"b9a940dfdf43aacaa686ba8247c528b5",FALSE,118
"ba307c1fd60c35533dcf424e1befabff",FALSE,96
"baaf1409cd0fabc331a97617669ef642",FALSE,127
"bb35d23a89dc09867e0841ca17ae9bfe",FALSE,3
"bbb974fbaae10d221e8e136aed0592f5",FALSE,126
"bc2ed059241324f16bb08d020e634321",FALSE,107
"bcb35e73c974a4ba0b5685dbd875c2fa",FALSE,145
"bd47190364d527b71e2285d511871036",FALSE,30
"bdc9f6ada518791b8b76e8a07021e145",FALSE,33
"be59ece142f0d371dd0d1fad2aae1215",FALSE,6
"bed5623adc8b12bc67a4221a5d5cccc4",FALSE,138
"bf5bd9c21d578054f139dc2709a7a441",FALSE,66
"bfebf2c52000d2bac1a130520ace5dd7",FALSE,14
"c0760e4171db0cd649bda18fcd314e33",FALSE,106
"c1082e40d6bd5c5d64f2ccb8f73cea5c",FALSE,101
"c18171305e73faabfa61d61c41a420ae",FALSE,78
"c20231d043771d2885d58bf5dd0cb710",FALSE,121
"c28180798c5c9bc681b3b23b2b4ce398",TRUE,23
"c3068f02ebf7d7425caa13e51d88a6b3",TRUE,112
"c386493506d9c67ef6701660db27a79e",FALSE,17
"c421b253d00cca01bc6d70449c501fcd",FALSE,111
"c4ad9843ef49b576429fc43ce33a08fc",FALSE,66
"c5383525e91474a4e5d7dcfee92c054f",FALSE,143
"c5b14c33657bdcb8ca7c7898d0d11e6c",FALSE,140
"c6232aec857d4e62cdf518f818e569b4",FALSE,23
"c6ba16037ead7e7fc0588c0f2741e07c",FALSE,101
"c73385e4ac191abbfd731adba24f2c7d",FALSE,3
"c7c3dd47a945b8fe55d8c3f6d8b0484d",FALSE,148
"c84ea181faa023c1042a413ba4ad078b",FALSE,149
"c8d78b45fa50313f2cb4e6089139acb3",FALSE,86
"c95bde732620770a1a1281c30875ded3",FALSE,83
"c9ee2cb539ad0b4dfe79ccbc8d3f7fbe",FALSE,134
"ca751e6ab38280edada823df9cb45a93",FALSE,49
"caec785d9e8e4f690ce7d9a4d37cb677",FALSE,9
"cb61843a4d547a8d2a199fe80a7a1add",FALSE,125
"cc046c8e140ad94ad4ba137720203ce5",FALSE,52
"cc7ae92e162840095c5bfa89acbcc478",FALSE,1
"cd0bb2d6eb2b97f9f728bc06876aa2b7",FALSE,35
"cd830762319e54d2c70f4b4b5c47ffee",FALSE,53
"ce110a658769b9913e1963267aab2176",FALSE,35
"ce89f6b11bdc5b365085a84036e9365b",FALSE,92
"cf22add29f8e2b0fb8161627d5cf6f54",FALSE,37
"cfb691b0a89ce8f3505f58bf1e6d7409",FALSE,26
"d034ebe261b1a79b9a84c99626627706",FALSE,144
"d0be18af46c7fa80cf340c30a0712c9a",FALSE,123
"d137365c43ccaccecdf7316c2dd05609",FALSE,133
"d1c8361ce8e8044132cca89a70f91d25",FALSE,74
"d249c3f561646f3799e817e8c937921c",FALSE,4
"d2ca2dfee94527d1f8f81d70c1ffc43f",FALSE,111
"d352aee742a7d0a7441f99706e05543d",FALSE,125
"d3dfddfd89c2fcec2c4a1c3f67c5d067",FALSE,137
"d465f14a648b3d0a1faa6f447e526c60",FALSE,129
"d4ea271935a28670d08fff30d82a304c",FALSE,140
"d572948a93127fa250a9aa8a122a4403",FALSE,0
"d5eb74205aad313dd6361a1089c4e424",FALSE,61
"d66d0d00bb7f294c9a9127f437dd3702",FALSE,65
"d6e92e1e71619d46524ef16a8bb44671",FALSE,3
"d76fd0a4809a5be8a22e43e33bdc649e",FALSE,48
"d7facbd2b01e0596ed7115dbdc49df43",FALSE,137
"d88052a1b526cdf3d0d6c3614b7c0064",FALSE,40
"d90a6ea6fd54e27c2656d8d3877abea4",TRUE,25
"d9976f1c2c0c972d1cee0c3647cbd194",FALSE,142
"da15000e6bc824c1fbbe5874cb91c7bf",FALSE,14
"da92ce36d3c841c78a1dc24ea5abcb72",FALSE,119
"db15b038c3c1d8960907e8ac5691498f",FALSE,140
"db864fb93cfe8bbf34ed44ed073e2731",FALSE,116
"dc01c8a868c3ee4698eee8cfdd77a0e2",FALSE,99
"dc8c047842f079e6b8c3395a05b4f134",FALSE,18
"dd0dfd8e343e1009e4c5d0cfe22f6afe",FALSE,17
"dd91994e50a6958da1684d70cbc38448",FALSE,94
"de065de12109af183b443867d510480b",FALSE,40
"de8700d4f1a72631702e3f067dabf0b2",FALSE,110
"df05dec7f743ab807bfd4a47135aa61f",FALSE,99
"df8c505d09cea89ba06650cf8fd33c5a",FALSE,90
"e00747f11c12e85717de726cc6c2f188",FALSE,0
"e089b3b5750148e7f7fcc282635fb2d4",FALSE,112
"e10534dd65cf727692c0f9c44ba613f8",FALSE,126
"e1969c05dd239aabaa67ef9f7252a12c",FALSE,61
"e21cc1d36a6a93d33f9b72adfea44b8f",FALSE,119
"e2a439dc2f9b3d74c386f75f44d6952e",FALSE,83
"e319f26af11ed93662d51b13b690eaf5",FALSE,11
"e38e37a99f7de1f45d169efcdb288dd1",FALSE,107
"e417e85606b3fc0cdab5f65d721f2ee0",FALSE,64
"e4a324e35d60e0b5042929af66cbef10",FALSE,26
"e5265c48d8569f6fff44ad44f0e57342",FALSE,43
"e5a481a383352690b8993469964f477e",FALSE,114
"e62111f5d7b0c67958f9acbdc0288154",FALSE,139
"e69c6f677c3dfa8d5f6c40b27fe2d4a5",FALSE,80
"e71bef2e0416dc1a97bf95f99265440e",FALSE,94
"e79266a19759df4b41e81cb6202bfdd8",FALSE,119
"e805b34edbbe99826a87b1dafe118a1e",FALSE,64
"e88b626d160c1a39a5f17f6500fbf813",FALSE,79
"e91df292995700ed5f85a01c4515962c",FALSE,125
"e9a31138d9c1040eb526f6ca6761e58b",FALSE,24
"ea3432934aa045d80b970eca08fe032f",FALSE,137
"eab1bceaa6c5823d7ed86cfc7a8bd824",FALSE,91
"eb32c69f88aa347dcb335d47f0c075e7",FALSE,109
"ebb361304ba0500b11459331f5e082c3",FALSE,148
"ec2b2ded4a1e9aea87d449c0a773bb6f",FALSE,60
"ecacd215c0e820d5407b32369cd33b9b",FALSE,20
"ed34d801ecf10f1a8178debdf0f365e0",FALSE,80
"edc01cedad1f51222794e9c140eebb5c",FALSE,121
"ee3d844bb81bd3565dacf5e720354048",FALSE,55
"eeb75f0ae5c5115795e84f81ef0ff68d",FALSE,141
"ef2f8301bf2c3404552f1c3df84df9ec",TRUE,3
"efb3d8be0319721ef751da0b05d9f6a5",FALSE,99
"f03b6177b2ed6db7c6bec9e912b3383e",FALSE,97
"f0b4203887d24cc3ac3f93d940bb513c",FALSE,99
"f138e593207a9b63ce9a539aa94337bc",FALSE,93
"f1b4b38253f1fa208bd9bb3363e68b18",FALSE,71
"f2324a6f586df773128ee09267104e8f",FALSE,145
"f2a9c1e60399beceda3281cd36ece5e6",TRUE,126
"f32196295a6f0c13d5bedc880d3d66a2",FALSE,21
"f3b2acfc1259f02c3d3feebbd5b43a12",FALSE,95
"f4399ec58ac1e759ed7baf65e2af46f4",FALSE,137
"f4b33a92a256fd5341c5275020bb8e45",FALSE,142
"f53cfee8ec535cd60167044b316bc5cd",TRUE,91
"f5c80b20fdee4e645ff315a56f12a716",FALSE,36
"f655d686ece627fa58304aa1b6bf8b39",FALSE,149
"f6e35a5f82312aa43cb6d9ee24e785c6",FALSE,92
"f7652e68e0da3f415d7a0cb66da9c510",FALSE,57
"f7dca42376312a1b458b98012cfe71e4",FALSE,58
"f8537736c2d12215eb8b535fe7b9f7d5",FALSE,4
"f8cab1ed24cdf994deb0256388914cee",FALSE,144
"f943ce1833297469c0f097a149615f56",FALSE,97
"f9cb3124b5a22b133f21273ef2cb0695",FALSE,58
"fa4c202fbc0421c1d4e317cbbbcac5a2",FALSE,23
"fad771551e96b46252c52517861776a9",FALSE,105
"fb5756aa2f0ae039046b8089c696a1dd",FALSE,124
"fbdbc6efe96ba0c159192e5cb0e4b10f",FALSE,129
"fc5435c1af5d20e5f7303ff55f2e1b41",TRUE,9
"fcd67bb244611a3cc596ee284ed24253",TRUE,52
"fd6a907a7e9687370132b164f98366ff",FALSE,86
"fdf18e990c26c4c1561b0a1ec849af54",FALSE,14
"fe7212d1ad2166e6366228e01e1a258e",FALSE,40
"fef4f0c339f100fad1eafe9b89e04b28",FALSE,122
"ff68409e8c85acf57dd7fb185b6d066c",FALSE,61
"ffe9304fba15f7a1b039ab4e066cbfcd",FALSE,21
